# plot_id,DEMO-PLOT-001
# analysis_period,"['2023-07-02', '2026-07-24']"
# image_count,287
# source_list,"['Sentinel-2', 'Sentinel-1']"
# algorithm_versions,['HIST-RICE-1.0.0']
# processing_date,2026-07-24T17:37:36.678740+00:00
# provenance,DERIVED
# confidence,HIGH
# limitations,"['Historical imagery analysis is an analytical demonstration. It does not independently verify AWD compliance.', 'Overhead imagery cannot directly measure water depth below the soil surface.', 'Crop-stage, planting-window, and harvest-window results are estimates unless confirmed by field records.', 'Fertilizer application, straw management, yield, and greenhouse-gas emissions cannot be determined reliably from imagery alone.', 'Carbon results shown in the demonstration are not verified carbon credits.', 'No actual cultivation or field IoT installation has been completed for the demonstration plot.']"
# synthetic_boundary_warning,"DEMO-PLOT-001 is a synthetic demonstration boundary. It is not a cadastral, surveyed, legal, ownership, or officially verified plot boundary."
# demo_disclaimer,Historical baseline analytical demonstration; no verified AWD or carbon-credit claim.
image_id,date,sensor,status,quality,plot_coverage_percent,vegetation_score,smoothed_vegetation_score,water_candidate_fraction,cultivated_area_estimate_rai,possible_harvested_area_rai,confidence,provenance
hist-s1-2023-07-02,2023-07-02,Sentinel-1,READY,95.0,100.0,1.0,,0.0,24.0,,HIGH,DERIVED
hist-s1-2023-07-06,2023-07-06,Sentinel-1,READY,95.0,100.0,0.997396,,0.007812,23.938,,HIGH,DERIVED
hist-s1-2023-07-30,2023-07-30,Sentinel-1,READY,95.0,100.0,1.0,,0.0,24.0,,HIGH,DERIVED
hist-s1-2023-08-07,2023-08-07,Sentinel-1,READY,95.0,100.0,1.0,,0.0,24.0,,HIGH,DERIVED
hist-s1-2023-08-11,2023-08-11,Sentinel-1,READY,95.0,100.0,0.973958,,0.015625,23.375,,HIGH,DERIVED
hist-s1-2023-08-19,2023-08-19,Sentinel-1,READY,95.0,100.0,1.0,,0.0,24.0,,HIGH,DERIVED
hist-s1-2023-08-23,2023-08-23,Sentinel-1,READY,95.0,100.0,1.0,0.249609,0.005208,24.0,,HIGH,DERIVED
hist-s2-2023-08-24,2023-08-24,Sentinel-2,READY,85.0,100.0,0.249609,0.1517585,0.0,15.812,3.437,HIGH,DERIVED
hist-s2-2023-08-29,2023-08-29,Sentinel-2,READY,85.0,100.0,0.053908,0.098734,0.0,0.0,24.0,HIGH,DERIVED
hist-s2-2023-09-03,2023-09-03,Sentinel-2,READY,85.0,100.0,0.098734,0.076321,0.0,0.0,23.749,HIGH,DERIVED
hist-s1-2023-09-04,2023-09-04,Sentinel-1,READY,95.0,100.0,1.0,0.098734,0.0,24.0,,HIGH,DERIVED
hist-s1-2023-09-12,2023-09-12,Sentinel-1,READY,95.0,100.0,1.0,0.020433,0.0,24.0,,HIGH,DERIVED
hist-s2-2023-09-13,2023-09-13,Sentinel-2,READY,85.0,100.0,0.020433,0.020433,0.0,0.0,24.0,HIGH,DERIVED
hist-s1-2023-09-16,2023-09-16,Sentinel-1,READY,95.0,100.0,1.0,0.10236300000000001,0.0,24.0,,HIGH,DERIVED
hist-s2-2023-09-18,2023-09-18,Sentinel-2,READY,85.0,100.0,0.184293,0.080122,0.0,6.062,14.938,HIGH,DERIVED
hist-s2-2023-09-23,2023-09-23,Sentinel-2,READY,85.0,100.0,-0.024049,0.080122,0.0,0.0,24.0,HIGH,DERIVED
hist-s1-2023-09-28,2023-09-28,Sentinel-1,READY,95.0,100.0,0.119792,-0.024049,0.552083,2.875,,HIGH,DERIVED
hist-s1-2023-10-06,2023-10-06,Sentinel-1,READY,95.0,100.0,1.0,,0.0,24.0,,HIGH,DERIVED
hist-s1-2023-10-10,2023-10-10,Sentinel-1,READY,95.0,100.0,1.0,-0.147308,0.0,24.0,,HIGH,DERIVED
hist-s2-2023-10-13,2023-10-13,Sentinel-2,READY,85.0,100.0,-0.147308,-0.16097899999999998,0.908854,0.0,2.125,HIGH,DERIVED
hist-s2-2023-10-18,2023-10-18,Sentinel-2,READY,85.0,100.0,-0.17465,-0.152034,0.958333,0.062,0.937,HIGH,DERIVED
hist-s2-2023-10-23,2023-10-23,Sentinel-2,READY,85.0,100.0,-0.152034,-0.17465,0.945312,0.0,1.25,HIGH,DERIVED
hist-s2-2023-10-28,2023-10-28,Sentinel-2,READY,85.0,100.0,-0.196903,-0.1744685,0.963542,0.0,0.875,HIGH,DERIVED
hist-s1-2023-10-30,2023-10-30,Sentinel-1,READY,95.0,100.0,1.0,-0.196903,0.0,24.0,,HIGH,DERIVED
hist-s1-2023-11-03,2023-11-03,Sentinel-1,READY,95.0,100.0,1.0,-0.151594,0.0,24.0,,HIGH,DERIVED
hist-s2-2023-11-07,2023-11-07,Sentinel-2,READY,85.0,100.0,-0.151594,-0.151594,0.937337,0.125,1.379,HIGH,DERIVED
hist-s1-2023-11-11,2023-11-11,Sentinel-1,READY,95.0,100.0,1.0,-0.151594,0.0,24.0,,HIGH,DERIVED
hist-s1-2023-11-15,2023-11-15,Sentinel-1,READY,95.0,100.0,0.059896,-0.040978,0.723958,1.438,,HIGH,DERIVED
hist-s2-2023-11-17,2023-11-17,Sentinel-2,READY,85.0,100.0,-0.040978,-0.0863515,0.0,0.187,23.75,HIGH,DERIVED
hist-s2-2023-11-22,2023-11-22,Sentinel-2,READY,85.0,100.0,-0.131725,-0.0863515,0.678851,0.188,7.52,HIGH,DERIVED
hist-s1-2023-11-27,2023-11-27,Sentinel-1,READY,95.0,100.0,0.109375,-0.0641155,0.526042,2.625,,HIGH,DERIVED
hist-s2-2023-11-27,2023-11-27,Sentinel-2,READY,85.0,100.0,0.003494,0.003494,0.0,0.0,24.0,HIGH,DERIVED
hist-s1-2023-12-05,2023-12-05,Sentinel-1,READY,95.0,100.0,1.0,0.003494,0.0,24.0,,HIGH,DERIVED
hist-s1-2023-12-09,2023-12-09,Sentinel-1,READY,95.0,100.0,0.197917,-0.034883,0.291667,4.75,,HIGH,DERIVED
hist-s2-2023-12-12,2023-12-12,Sentinel-2,READY,85.0,100.0,-0.034883,-0.034883,0.015625,0.0,23.625,HIGH,DERIVED
hist-s1-2023-12-17,2023-12-17,Sentinel-1,READY,95.0,100.0,1.0,-0.008846999999999999,0.0,24.0,,HIGH,DERIVED
hist-s2-2023-12-17,2023-12-17,Sentinel-2,READY,85.0,100.0,0.017189,0.0472545,0.0,0.0,24.0,HIGH,DERIVED
hist-s2-2023-12-22,2023-12-22,Sentinel-2,READY,85.0,100.0,0.07732,0.049403,0.0,0.0,24.0,HIGH,DERIVED
hist-s2-2023-12-27,2023-12-27,Sentinel-2,READY,85.0,100.0,0.049403,0.0633615,0.0,0.0,24.0,HIGH,DERIVED
hist-s1-2023-12-29,2023-12-29,Sentinel-1,READY,95.0,100.0,1.0,0.056865,0.0,24.0,,HIGH,DERIVED
hist-s2-2024-01-01,2024-01-01,Sentinel-2,READY,85.0,100.0,0.064327,0.064327,0.0,0.0,24.0,HIGH,DERIVED
hist-s1-2024-01-02,2024-01-02,Sentinel-1,READY,95.0,100.0,1.0,0.148695,0.0,24.0,,HIGH,DERIVED
hist-s2-2024-01-11,2024-01-11,Sentinel-2,READY,85.0,100.0,0.233063,0.233063,0.0,12.75,9.937,HIGH,DERIVED
hist-s1-2024-01-14,2024-01-14,Sentinel-1,READY,95.0,100.0,1.0,0.287982,0.0,24.0,,HIGH,DERIVED
hist-s2-2024-01-16,2024-01-16,Sentinel-2,READY,85.0,100.0,0.342901,0.397683,0.0,17.312,5.813,HIGH,DERIVED
hist-s2-2024-01-21,2024-01-21,Sentinel-2,READY,85.0,100.0,0.452465,0.397683,0.0,20.125,3.563,HIGH,DERIVED
hist-s1-2024-01-22,2024-01-22,Sentinel-1,READY,95.0,100.0,1.0,0.452465,0.0,24.0,,HIGH,DERIVED
hist-s1-2024-01-26,2024-01-26,Sentinel-1,READY,95.0,100.0,1.0,0.567962,0.0,24.0,,HIGH,DERIVED
hist-s2-2024-02-05,2024-02-05,Sentinel-2,READY,85.0,100.0,0.567962,0.567962,0.0,24.0,0.0,HIGH,DERIVED
hist-s1-2024-02-07,2024-02-07,Sentinel-1,READY,95.0,100.0,1.0,0.567962,0.0,24.0,,HIGH,DERIVED
hist-s1-2024-02-15,2024-02-15,Sentinel-1,READY,95.0,100.0,1.0,0.571532,0.0,24.0,,HIGH,DERIVED
hist-s2-2024-02-15,2024-02-15,Sentinel-2,READY,85.0,100.0,0.571532,0.571532,0.0,24.0,0.0,HIGH,DERIVED
hist-s1-2024-02-19,2024-02-19,Sentinel-1,READY,95.0,100.0,1.0,0.581391,0.0,24.0,,HIGH,DERIVED
hist-s2-2024-02-20,2024-02-20,Sentinel-2,READY,85.0,100.0,0.59125,0.5983795000000001,0.0,24.0,0.0,HIGH,DERIVED
hist-s2-2024-02-25,2024-02-25,Sentinel-2,READY,85.0,100.0,0.605509,0.5983795000000001,0.0,24.0,0.0,HIGH,DERIVED
hist-s1-2024-02-27,2024-02-27,Sentinel-1,READY,95.0,100.0,1.0,0.6010245,0.0,24.0,,HIGH,DERIVED
hist-s2-2024-03-01,2024-03-01,Sentinel-2,READY,85.0,100.0,0.59654,0.59654,0.0,24.0,0.0,HIGH,DERIVED
hist-s1-2024-03-02,2024-03-02,Sentinel-1,READY,95.0,100.0,1.0,0.587812,0.0,24.0,,HIGH,DERIVED
hist-s2-2024-03-06,2024-03-06,Sentinel-2,READY,85.0,100.0,0.579084,0.579084,0.0,24.0,0.0,HIGH,DERIVED
hist-s1-2024-03-14,2024-03-14,Sentinel-1,READY,95.0,100.0,1.0,0.5097665,0.0,24.0,,HIGH,DERIVED
hist-s2-2024-03-21,2024-03-21,Sentinel-2,READY,85.0,100.0,0.440449,0.440449,0.0,24.0,0.0,HIGH,DERIVED
hist-s1-2024-03-22,2024-03-22,Sentinel-1,READY,95.0,100.0,1.0,0.440449,0.0,24.0,,HIGH,DERIVED
hist-s1-2024-03-26,2024-03-26,Sentinel-1,READY,95.0,100.0,1.0,0.288948,0.0,24.0,,HIGH,DERIVED
hist-s2-2024-03-31,2024-03-31,Sentinel-2,READY,85.0,100.0,0.288948,0.288948,0.0,12.187,11.063,HIGH,DERIVED
hist-s1-2024-04-03,2024-04-03,Sentinel-1,READY,95.0,100.0,1.0,0.288948,0.0,24.0,,HIGH,DERIVED
hist-s1-2024-04-07,2024-04-07,Sentinel-1,READY,95.0,100.0,1.0,0.075146,0.0,24.0,,HIGH,DERIVED
hist-s2-2024-04-15,2024-04-15,Sentinel-2,READY,85.0,100.0,0.075146,0.075146,0.0,0.0,24.0,HIGH,DERIVED
hist-s1-2024-04-19,2024-04-19,Sentinel-1,READY,95.0,100.0,1.0,0.0697725,0.0,24.0,,HIGH,DERIVED
hist-s2-2024-04-20,2024-04-20,Sentinel-2,READY,85.0,100.0,0.064399,0.0741175,0.0,0.0,24.0,HIGH,DERIVED
hist-s2-2024-04-25,2024-04-25,Sentinel-2,READY,85.0,100.0,0.083836,0.0741175,0.0,0.0,24.0,HIGH,DERIVED
hist-s1-2024-04-27,2024-04-27,Sentinel-1,READY,95.0,100.0,1.0,0.0734215,0.0,24.0,,HIGH,DERIVED
hist-s2-2024-04-30,2024-04-30,Sentinel-2,READY,85.0,100.0,0.063007,0.063007,0.0,0.0,24.0,HIGH,DERIVED
hist-s1-2024-05-01,2024-05-01,Sentinel-1,READY,95.0,100.0,1.0,0.061260999999999996,0.0,24.0,,HIGH,DERIVED
hist-s2-2024-05-05,2024-05-05,Sentinel-2,READY,85.0,100.0,0.059515,0.059515,0.0,0.0,24.0,HIGH,DERIVED
hist-s1-2024-05-09,2024-05-09,Sentinel-1,READY,95.0,100.0,1.0,0.0735265,0.0,24.0,,HIGH,DERIVED
hist-s2-2024-05-10,2024-05-10,Sentinel-2,READY,85.0,100.0,0.087538,0.087538,0.0,3.437,20.5,HIGH,DERIVED
hist-s1-2024-05-13,2024-05-13,Sentinel-1,READY,95.0,100.0,1.0,0.1390045,0.0,24.0,,HIGH,DERIVED
hist-s2-2024-05-15,2024-05-15,Sentinel-2,READY,85.0,100.0,0.190471,0.190471,0.0,7.063,15.688,HIGH,DERIVED
hist-s1-2024-05-25,2024-05-25,Sentinel-1,READY,95.0,100.0,1.0,0.193024,0.0,24.0,,HIGH,DERIVED
hist-s2-2024-05-30,2024-05-30,Sentinel-2,READY,85.0,100.0,0.195577,0.314519,0.0,2.068,14.413,HIGH,DERIVED
hist-s2-2024-06-04,2024-06-04,Sentinel-2,READY,85.0,100.0,0.433461,0.314519,0.0,22.687,0.937,HIGH,DERIVED
hist-s1-2024-06-06,2024-06-06,Sentinel-1,READY,95.0,100.0,1.0,0.3367655,0.0,24.0,,HIGH,DERIVED
hist-s2-2024-06-09,2024-06-09,Sentinel-2,READY,85.0,100.0,0.24007,0.3656375,0.0,23.312,0.0,HIGH,DERIVED
hist-s2-2024-06-14,2024-06-14,Sentinel-2,READY,85.0,100.0,0.491205,0.3656375,0.0,24.0,0.0,HIGH,DERIVED
hist-s1-2024-06-14,2024-06-14,Sentinel-1,READY,95.0,100.0,1.0,0.491205,0.0,24.0,,HIGH,DERIVED
hist-s1-2024-06-18,2024-06-18,Sentinel-1,READY,95.0,100.0,1.0,0.482423,0.0,24.0,,HIGH,DERIVED
hist-s2-2024-06-19,2024-06-19,Sentinel-2,READY,85.0,100.0,0.482423,0.482423,0.0,24.0,0.0,HIGH,DERIVED
hist-s1-2024-06-30,2024-06-30,Sentinel-1,READY,95.0,100.0,1.0,0.335349,0.0,24.0,,HIGH,DERIVED
hist-s2-2024-07-04,2024-07-04,Sentinel-2,READY,85.0,100.0,0.188275,0.3501745,0.0,0.25,18.937,HIGH,DERIVED
hist-s2-2024-07-09,2024-07-09,Sentinel-2,READY,85.0,100.0,0.512074,0.3501745,0.0,24.0,0.0,HIGH,DERIVED
hist-s1-2024-07-12,2024-07-12,Sentinel-1,READY,95.0,100.0,1.0,0.506603,0.0,24.0,,HIGH,DERIVED
hist-s2-2024-07-14,2024-07-14,Sentinel-2,READY,85.0,100.0,0.501132,0.501132,0.0,24.0,0.0,HIGH,DERIVED
hist-s1-2024-07-24,2024-07-24,Sentinel-1,READY,95.0,100.0,1.0,0.304993,0.0,24.0,,HIGH,DERIVED
hist-s2-2024-07-29,2024-07-29,Sentinel-2,READY,85.0,100.0,0.108854,0.108854,0.0,0.0,24.0,HIGH,DERIVED
hist-s1-2024-08-01,2024-08-01,Sentinel-1,READY,95.0,100.0,1.0,0.140511,0.0,24.0,,HIGH,DERIVED
hist-s2-2024-08-08,2024-08-08,Sentinel-2,READY,85.0,100.0,0.172168,0.185485,0.0,2.068,20.366,HIGH,DERIVED
hist-s2-2024-08-13,2024-08-13,Sentinel-2,READY,85.0,100.0,0.198802,0.185485,0.0,6.454,16.48,HIGH,DERIVED
hist-s1-2024-08-13,2024-08-13,Sentinel-1,READY,95.0,100.0,1.0,0.198802,0.0,24.0,,HIGH,DERIVED
hist-s1-2024-08-17,2024-08-17,Sentinel-1,READY,95.0,100.0,1.0,0.204795,0.0,24.0,,HIGH,DERIVED
hist-s2-2024-08-18,2024-08-18,Sentinel-2,READY,85.0,100.0,0.204795,0.204795,0.0,5.813,16.313,HIGH,DERIVED
hist-s1-2024-08-25,2024-08-25,Sentinel-1,READY,95.0,100.0,1.0,0.1516875,0.0,24.0,,HIGH,DERIVED
hist-s2-2024-08-28,2024-08-28,Sentinel-2,READY,85.0,100.0,0.09858,0.058588,0.0,0.0,24.0,HIGH,DERIVED
hist-s2-2024-09-02,2024-09-02,Sentinel-2,READY,85.0,100.0,0.018596,0.058588,0.0,0.0,24.0,HIGH,DERIVED
hist-s1-2024-09-06,2024-09-06,Sentinel-1,READY,95.0,100.0,1.0,0.0562205,0.0,24.0,,HIGH,DERIVED
hist-s2-2024-09-07,2024-09-07,Sentinel-2,READY,85.0,100.0,0.093845,0.093845,0.0,0.0,24.0,HIGH,DERIVED
hist-s1-2024-09-10,2024-09-10,Sentinel-1,READY,95.0,100.0,1.0,0.074991,0.0,24.0,,HIGH,DERIVED
hist-s2-2024-09-12,2024-09-12,Sentinel-2,READY,85.0,100.0,0.056137,0.056137,0.046875,3.437,18.5,HIGH,DERIVED
hist-s1-2024-09-18,2024-09-18,Sentinel-1,READY,95.0,100.0,1.0,0.056137,0.0,24.0,,HIGH,DERIVED
hist-s1-2024-09-22,2024-09-22,Sentinel-1,READY,95.0,100.0,1.0,-0.088951,0.0,24.0,,HIGH,DERIVED
hist-s2-2024-09-27,2024-09-27,Sentinel-2,READY,85.0,100.0,-0.088951,-0.099107,0.544271,0.0,10.937,HIGH,DERIVED
hist-s2-2024-10-07,2024-10-07,Sentinel-2,READY,85.0,100.0,-0.109263,-0.099107,0.867188,0.0,3.187,HIGH,DERIVED
hist-s1-2024-10-12,2024-10-12,Sentinel-1,READY,95.0,100.0,1.0,-0.1215685,0.0,24.0,,HIGH,DERIVED
hist-s2-2024-10-12,2024-10-12,Sentinel-2,READY,85.0,100.0,-0.133874,-0.133874,0.934896,0.0,1.562,HIGH,DERIVED
hist-s1-2024-10-16,2024-10-16,Sentinel-1,READY,95.0,100.0,1.0,-0.14763749999999998,0.0,24.0,,HIGH,DERIVED
hist-s2-2024-10-17,2024-10-17,Sentinel-2,READY,85.0,100.0,-0.161401,-0.1445755,0.963542,0.0,0.875,HIGH,DERIVED
hist-s2-2024-10-22,2024-10-22,Sentinel-2,READY,85.0,100.0,-0.12775,-0.1445755,0.979167,0.0,0.5,HIGH,DERIVED
hist-s1-2024-10-24,2024-10-24,Sentinel-1,READY,95.0,100.0,1.0,-0.12775,0.0,24.0,,HIGH,DERIVED
hist-s1-2024-10-28,2024-10-28,Sentinel-1,READY,95.0,100.0,1.0,-0.159925,0.0,24.0,,HIGH,DERIVED
hist-s2-2024-11-01,2024-11-01,Sentinel-2,READY,85.0,100.0,-0.159925,-0.159925,0.986945,0.0,0.313,HIGH,DERIVED
hist-s1-2024-11-05,2024-11-05,Sentinel-1,READY,95.0,100.0,1.0,-0.14413900000000002,0.0,24.0,,HIGH,DERIVED
hist-s2-2024-11-11,2024-11-11,Sentinel-2,READY,85.0,100.0,-0.128353,-0.1166295,0.887728,0.0,2.695,HIGH,DERIVED
hist-s2-2024-11-16,2024-11-16,Sentinel-2,READY,85.0,100.0,-0.104906,-0.1166295,0.867188,0.0,3.187,HIGH,DERIVED
hist-s1-2024-11-17,2024-11-17,Sentinel-1,READY,95.0,100.0,1.0,-0.104906,0.0,24.0,,HIGH,DERIVED
hist-s1-2024-11-21,2024-11-21,Sentinel-1,READY,95.0,100.0,1.0,-0.036314,0.0,24.0,,HIGH,DERIVED
hist-s2-2024-11-26,2024-11-26,Sentinel-2,READY,85.0,100.0,-0.036314,-0.036314,0.0,0.0,24.0,HIGH,DERIVED
hist-s1-2024-11-29,2024-11-29,Sentinel-1,READY,95.0,100.0,1.0,-0.006404499999999999,0.0,24.0,,HIGH,DERIVED
hist-s2-2024-12-01,2024-12-01,Sentinel-2,READY,85.0,100.0,0.023505,0.0342615,0.0,0.0,24.0,HIGH,DERIVED
hist-s2-2024-12-06,2024-12-06,Sentinel-2,READY,85.0,100.0,0.045018,0.0342615,0.0,0.0,24.0,HIGH,DERIVED
hist-s1-2024-12-11,2024-12-11,Sentinel-1,READY,95.0,100.0,1.0,0.045018,0.0,24.0,,HIGH,DERIVED
hist-s1-2024-12-15,2024-12-15,Sentinel-1,READY,95.0,100.0,0.578125,0.134929,0.036458,13.875,,HIGH,DERIVED
hist-s2-2024-12-16,2024-12-16,Sentinel-2,READY,85.0,100.0,0.134929,0.102799,0.0,4.687,17.875,HIGH,DERIVED
hist-s2-2024-12-21,2024-12-21,Sentinel-2,READY,85.0,100.0,0.070669,0.102799,0.0,0.0,24.0,HIGH,DERIVED
hist-s1-2024-12-23,2024-12-23,Sentinel-1,READY,95.0,100.0,1.0,0.070669,0.0,24.0,,HIGH,DERIVED
hist-s1-2024-12-27,2024-12-27,Sentinel-1,READY,95.0,100.0,1.0,,0.0,24.0,,HIGH,DERIVED
hist-s1-2025-01-04,2025-01-04,Sentinel-1,READY,95.0,100.0,1.0,0.206137,0.0,24.0,,HIGH,DERIVED
hist-s2-2025-01-05,2025-01-05,Sentinel-2,READY,85.0,100.0,0.206137,0.206137,0.0,9.062,13.875,HIGH,DERIVED
hist-s1-2025-01-08,2025-01-08,Sentinel-1,READY,95.0,100.0,1.0,0.238317,0.0,24.0,,HIGH,DERIVED
hist-s2-2025-01-10,2025-01-10,Sentinel-2,READY,85.0,100.0,0.270497,0.302054,0.0,12.533,11.091,HIGH,DERIVED
hist-s2-2025-01-15,2025-01-15,Sentinel-2,READY,85.0,100.0,0.333611,0.302054,0.0,14.75,7.687,HIGH,DERIVED
hist-s1-2025-01-16,2025-01-16,Sentinel-1,READY,95.0,100.0,1.0,0.4471715,0.0,24.0,,HIGH,DERIVED
hist-s2-2025-01-25,2025-01-25,Sentinel-2,READY,85.0,100.0,0.560732,0.560732,0.0,24.0,0.0,HIGH,DERIVED
hist-s1-2025-01-28,2025-01-28,Sentinel-1,READY,95.0,100.0,1.0,0.560732,0.0,24.0,,HIGH,DERIVED
hist-s1-2025-02-01,2025-02-01,Sentinel-1,READY,95.0,100.0,1.0,-0.001776,0.0,24.0,,HIGH,DERIVED
hist-s2-2025-02-04,2025-02-04,Sentinel-2,READY,85.0,100.0,-0.001776,0.3024415,0.0,0.0,24.0,HIGH,DERIVED
hist-s2-2025-02-09,2025-02-09,Sentinel-2,READY,85.0,100.0,0.606659,0.3024415,0.0,24.0,0.0,HIGH,DERIVED
hist-s1-2025-02-09,2025-02-09,Sentinel-1,READY,95.0,100.0,1.0,0.606659,0.0,24.0,,HIGH,DERIVED
hist-s1-2025-02-13,2025-02-13,Sentinel-1,READY,95.0,100.0,1.0,0.547509,0.0,24.0,,HIGH,DERIVED
hist-s2-2025-02-14,2025-02-14,Sentinel-2,READY,85.0,100.0,0.547509,0.3030965,0.0,24.0,0.0,HIGH,DERIVED
hist-s2-2025-02-19,2025-02-19,Sentinel-2,READY,85.0,100.0,0.058684,0.3030965,0.0,0.0,24.0,HIGH,DERIVED
hist-s1-2025-02-25,2025-02-25,Sentinel-1,READY,95.0,100.0,1.0,0.33091,0.0,24.0,,HIGH,DERIVED
hist-s2-2025-03-01,2025-03-01,Sentinel-2,READY,85.0,100.0,0.603136,0.603136,0.0,24.0,0.0,HIGH,DERIVED
hist-s1-2025-03-05,2025-03-05,Sentinel-1,READY,95.0,100.0,1.0,0.5767125,0.0,24.0,,HIGH,DERIVED
hist-s2-2025-03-06,2025-03-06,Sentinel-2,READY,85.0,100.0,0.550289,0.550289,0.0,24.0,0.0,HIGH,DERIVED
hist-s1-2025-03-09,2025-03-09,Sentinel-1,READY,95.0,100.0,1.0,0.559185,0.0,24.0,,HIGH,DERIVED
hist-s2-2025-03-11,2025-03-11,Sentinel-2,READY,85.0,100.0,0.568081,0.567687,0.0,24.0,0.0,HIGH,DERIVED
hist-s2-2025-03-16,2025-03-16,Sentinel-2,READY,85.0,100.0,0.567293,0.567687,0.0,24.0,0.0,HIGH,DERIVED
hist-s1-2025-03-21,2025-03-21,Sentinel-1,READY,95.0,100.0,1.0,0.567293,0.0,24.0,,HIGH,DERIVED
hist-s1-2025-03-29,2025-03-29,Sentinel-1,READY,95.0,100.0,1.0,,0.0,24.0,,HIGH,DERIVED
hist-s1-2025-04-02,2025-04-02,Sentinel-1,READY,95.0,100.0,1.0,0.247043,0.0,24.0,,HIGH,DERIVED
hist-s2-2025-04-05,2025-04-05,Sentinel-2,READY,85.0,100.0,0.247043,0.247043,0.0,13.375,8.437,HIGH,DERIVED
hist-s1-2025-04-10,2025-04-10,Sentinel-1,READY,95.0,100.0,1.0,0.247043,0.0,24.0,,HIGH,DERIVED
hist-s1-2025-04-20,2025-04-20,Sentinel-1,READY,95.0,100.0,1.0,0.053024,0.0,24.0,,HIGH,DERIVED
hist-s2-2025-04-20,2025-04-20,Sentinel-2,READY,85.0,100.0,0.053024,0.0567815,0.0,0.0,24.0,HIGH,DERIVED
hist-s2-2025-04-25,2025-04-25,Sentinel-2,READY,85.0,100.0,0.060539,0.0567815,0.0,0.0,24.0,HIGH,DERIVED
hist-s1-2025-04-26,2025-04-26,Sentinel-1,READY,95.0,100.0,1.0,0.055452,0.0,24.0,,HIGH,DERIVED
hist-s2-2025-04-30,2025-04-30,Sentinel-2,READY,85.0,100.0,0.050365,0.050365,0.0,0.0,24.0,HIGH,DERIVED
hist-s1-2025-05-04,2025-05-04,Sentinel-1,READY,95.0,100.0,1.0,0.052513500000000005,0.0,24.0,,HIGH,DERIVED
hist-s2-2025-05-05,2025-05-05,Sentinel-2,READY,85.0,100.0,0.054662,0.054662,0.0,0.0,24.0,HIGH,DERIVED
hist-s1-2025-05-08,2025-05-08,Sentinel-1,READY,95.0,100.0,1.0,0.047951,0.0,24.0,,HIGH,DERIVED
hist-s2-2025-05-10,2025-05-10,Sentinel-2,READY,85.0,100.0,0.04124,0.04124,0.0,0.0,24.0,HIGH,DERIVED
hist-s1-2025-05-14,2025-05-14,Sentinel-1,READY,95.0,100.0,1.0,0.0329065,0.0,24.0,,HIGH,DERIVED
hist-s2-2025-05-17,2025-05-17,Sentinel-2,READY,85.0,100.0,0.024573,0.0234525,0.0,0.0,24.0,HIGH,DERIVED
hist-s2-2025-05-20,2025-05-20,Sentinel-2,READY,85.0,100.0,0.022332,0.0234525,0.020888,0.0,23.373,HIGH,DERIVED
hist-s1-2025-05-26,2025-05-26,Sentinel-1,READY,95.0,100.0,1.0,0.022332,0.0,24.0,,HIGH,DERIVED
hist-s1-2025-06-01,2025-06-01,Sentinel-1,READY,95.0,100.0,1.0,0.288397,0.0,24.0,,HIGH,DERIVED
hist-s2-2025-06-04,2025-06-04,Sentinel-2,READY,85.0,100.0,0.288397,0.24630200000000002,0.0,13.937,9.937,HIGH,DERIVED
hist-s2-2025-06-06,2025-06-06,Sentinel-2,READY,85.0,100.0,0.204207,0.24630200000000002,0.0,6.329,10.903,HIGH,DERIVED
hist-s1-2025-06-07,2025-06-07,Sentinel-1,READY,95.0,100.0,1.0,0.2821715,0.0,24.0,,HIGH,DERIVED
hist-s2-2025-06-09,2025-06-09,Sentinel-2,READY,85.0,100.0,0.360136,0.360136,0.0,16.875,6.75,HIGH,DERIVED
hist-s1-2025-06-13,2025-06-13,Sentinel-1,READY,95.0,100.0,1.0,0.360136,0.0,24.0,,HIGH,DERIVED
hist-s1-2025-06-25,2025-06-25,Sentinel-1,READY,95.0,100.0,1.0,0.401821,0.0,24.0,,HIGH,DERIVED
hist-s2-2025-06-29,2025-06-29,Sentinel-2,READY,85.0,100.0,0.401821,0.401821,0.0,24.0,0.0,HIGH,DERIVED
hist-s1-2025-07-01,2025-07-01,Sentinel-1,READY,95.0,100.0,1.0,0.401821,0.0,24.0,,HIGH,DERIVED
hist-s1-2025-07-07,2025-07-07,Sentinel-1,READY,95.0,100.0,1.0,0.54846,0.0,24.0,,HIGH,DERIVED
hist-s2-2025-07-14,2025-07-14,Sentinel-2,READY,85.0,100.0,0.54846,0.5188235,0.0,24.0,0.0,HIGH,DERIVED
hist-s2-2025-07-19,2025-07-19,Sentinel-2,READY,85.0,100.0,0.489187,0.5188235,0.0,24.0,0.0,HIGH,DERIVED
hist-s1-2025-07-19,2025-07-19,Sentinel-1,READY,95.0,100.0,1.0,0.40456499999999995,0.0,24.0,,HIGH,DERIVED
hist-s2-2025-07-24,2025-07-24,Sentinel-2,READY,85.0,100.0,0.319943,0.319943,0.0,24.0,0.0,HIGH,DERIVED
hist-s1-2025-07-27,2025-07-27,Sentinel-1,READY,95.0,100.0,1.0,0.228228,0.0,24.0,,HIGH,DERIVED
hist-s2-2025-07-29,2025-07-29,Sentinel-2,READY,85.0,100.0,0.136513,0.25683849999999997,0.0,0.0,24.0,HIGH,DERIVED
hist-s2-2025-08-05,2025-08-05,Sentinel-2,READY,85.0,100.0,0.377164,0.25683849999999997,0.0,20.687,3.25,HIGH,DERIVED
hist-s1-2025-08-06,2025-08-06,Sentinel-1,READY,95.0,100.0,1.0,0.35231199999999996,0.0,24.0,,HIGH,DERIVED
hist-s2-2025-08-08,2025-08-08,Sentinel-2,READY,85.0,100.0,0.32746,0.32746,0.0,12.937,10.937,HIGH,DERIVED
hist-s1-2025-08-12,2025-08-12,Sentinel-1,READY,95.0,100.0,1.0,0.20708849999999998,0.0,24.0,,HIGH,DERIVED
hist-s2-2025-08-18,2025-08-18,Sentinel-2,READY,85.0,100.0,0.086717,0.086717,0.0,0.0,24.0,HIGH,DERIVED
hist-s1-2025-08-20,2025-08-20,Sentinel-1,READY,95.0,100.0,1.0,0.0995265,0.0,24.0,,HIGH,DERIVED
hist-s2-2025-08-28,2025-08-28,Sentinel-2,READY,85.0,100.0,0.112336,0.112336,0.0,0.0,24.0,HIGH,DERIVED
hist-s1-2025-08-30,2025-08-30,Sentinel-1,READY,95.0,100.0,1.0,0.112336,0.0,24.0,,HIGH,DERIVED
hist-s1-2025-09-01,2025-09-01,Sentinel-1,READY,95.0,100.0,1.0,0.164278,0.0,24.0,,HIGH,DERIVED
hist-s2-2025-09-02,2025-09-02,Sentinel-2,READY,85.0,100.0,0.164278,0.138131,0.0,0.877,18.736,HIGH,DERIVED
hist-s2-2025-09-07,2025-09-07,Sentinel-2,READY,85.0,100.0,0.111984,0.138131,0.0,0.0,24.0,HIGH,DERIVED
hist-s1-2025-09-11,2025-09-11,Sentinel-1,READY,95.0,100.0,1.0,0.0594665,0.0,24.0,,HIGH,DERIVED
hist-s2-2025-09-12,2025-09-12,Sentinel-2,READY,85.0,100.0,0.006949,0.006949,0.0,0.0,24.0,HIGH,DERIVED
hist-s1-2025-09-17,2025-09-17,Sentinel-1,READY,95.0,100.0,1.0,-0.025423,0.0,24.0,,HIGH,DERIVED
hist-s2-2025-09-17,2025-09-17,Sentinel-2,READY,85.0,100.0,-0.057795,-0.057795,0.190104,0.125,19.25,HIGH,DERIVED
hist-s1-2025-09-29,2025-09-29,Sentinel-1,READY,95.0,100.0,1.0,-0.1075045,0.0,24.0,,HIGH,DERIVED
hist-s2-2025-10-02,2025-10-02,Sentinel-2,READY,85.0,100.0,-0.157214,-0.157214,0.853786,0.063,3.446,HIGH,DERIVED
hist-s1-2025-10-05,2025-10-05,Sentinel-1,READY,95.0,100.0,1.0,-0.157214,0.0,24.0,,HIGH,DERIVED
hist-s1-2025-10-07,2025-10-07,Sentinel-1,READY,95.0,100.0,1.0,-0.108767,0.0,24.0,,HIGH,DERIVED
hist-s2-2025-10-17,2025-10-17,Sentinel-2,READY,85.0,100.0,-0.108767,-0.108767,0.72846,0.0,6.517,HIGH,DERIVED
hist-s1-2025-10-19,2025-10-19,Sentinel-1,READY,95.0,100.0,1.0,-0.1165435,0.0,24.0,,HIGH,DERIVED
hist-s2-2025-10-22,2025-10-22,Sentinel-2,READY,85.0,100.0,-0.12432,-0.06239,0.882507,0.0,2.82,HIGH,DERIVED
hist-s2-2025-10-27,2025-10-27,Sentinel-2,READY,85.0,100.0,-0.00046,-0.06239,0.0,0.0,24.0,HIGH,DERIVED
hist-s1-2025-10-31,2025-10-31,Sentinel-1,READY,95.0,100.0,1.0,-0.00046,0.0,24.0,,HIGH,DERIVED
hist-s1-2025-11-04,2025-11-04,Sentinel-1,READY,95.0,100.0,1.0,,0.0,24.0,,HIGH,DERIVED
hist-s1-2025-11-10,2025-11-10,Sentinel-1,READY,95.0,100.0,1.0,-0.132116,0.0,24.0,,HIGH,DERIVED
hist-s2-2025-11-11,2025-11-11,Sentinel-2,READY,85.0,100.0,-0.132116,-0.11832050000000001,0.937337,0.0,1.504,HIGH,DERIVED
hist-s2-2025-11-16,2025-11-16,Sentinel-2,READY,85.0,100.0,-0.104525,-0.104525,0.9375,0.0,1.5,HIGH,DERIVED
hist-s2-2025-11-21,2025-11-21,Sentinel-2,READY,85.0,100.0,0.045532,-0.029496500000000002,0.0,0.0,24.0,HIGH,DERIVED
hist-s1-2025-11-22,2025-11-22,Sentinel-1,READY,95.0,100.0,1.0,-0.016519,0.0,24.0,,HIGH,DERIVED
hist-s2-2025-11-26,2025-11-26,Sentinel-2,READY,85.0,100.0,-0.07857,-0.07857,0.845953,0.0,3.697,HIGH,DERIVED
hist-s1-2025-11-28,2025-11-28,Sentinel-1,READY,95.0,100.0,1.0,-0.1185525,0.0,24.0,,HIGH,DERIVED
hist-s2-2025-12-01,2025-12-01,Sentinel-2,READY,85.0,100.0,-0.158535,-0.1529945,0.973958,0.0,0.625,HIGH,DERIVED
hist-s2-2025-12-03,2025-12-03,Sentinel-2,READY,85.0,100.0,-0.147454,-0.1529945,0.979167,0.0,0.5,HIGH,DERIVED
hist-s1-2025-12-04,2025-12-04,Sentinel-1,READY,95.0,100.0,1.0,-0.147454,0.0,24.0,,HIGH,DERIVED
hist-s1-2025-12-10,2025-12-10,Sentinel-1,READY,95.0,100.0,1.0,-0.138243,0.0,24.0,,HIGH,DERIVED
hist-s2-2025-12-16,2025-12-16,Sentinel-2,READY,85.0,100.0,-0.138243,-0.127818,0.947917,0.0,1.25,HIGH,DERIVED
hist-s2-2025-12-21,2025-12-21,Sentinel-2,READY,85.0,100.0,-0.117393,-0.127818,0.835509,0.0,3.948,HIGH,DERIVED
hist-s1-2025-12-22,2025-12-22,Sentinel-1,READY,95.0,100.0,1.0,-0.117393,0.0,24.0,,HIGH,DERIVED
hist-s1-2025-12-30,2025-12-30,Sentinel-1,READY,95.0,100.0,1.0,,0.0,24.0,,HIGH,DERIVED
hist-s1-2026-01-03,2026-01-03,Sentinel-1,READY,95.0,100.0,1.0,-0.113664,0.0,24.0,,HIGH,DERIVED
hist-s2-2026-01-05,2026-01-05,Sentinel-2,READY,85.0,100.0,-0.113664,-0.113664,0.875,0.0,3.0,HIGH,DERIVED
hist-s1-2026-01-09,2026-01-09,Sentinel-1,READY,95.0,100.0,1.0,-0.095288,0.0,24.0,,HIGH,DERIVED
hist-s2-2026-01-10,2026-01-10,Sentinel-2,READY,85.0,100.0,-0.076912,-0.051101499999999994,0.526042,0.0,11.375,HIGH,DERIVED
hist-s2-2026-01-12,2026-01-12,Sentinel-2,READY,85.0,100.0,-0.025291,-0.025291,0.0,0.0,24.0,HIGH,DERIVED
hist-s2-2026-01-15,2026-01-15,Sentinel-2,READY,85.0,100.0,0.031848,0.0032785,0.0,0.0,24.0,HIGH,DERIVED
hist-s1-2026-01-15,2026-01-15,Sentinel-1,READY,95.0,100.0,1.0,0.031848,0.0,24.0,,HIGH,DERIVED
hist-s1-2026-01-27,2026-01-27,Sentinel-1,READY,95.0,100.0,1.0,,0.0,24.0,,HIGH,DERIVED
hist-s1-2026-02-02,2026-02-02,Sentinel-1,READY,95.0,100.0,1.0,,0.0,24.0,,HIGH,DERIVED
hist-s1-2026-02-04,2026-02-04,Sentinel-1,READY,95.0,100.0,1.0,0.084043,0.0,24.0,,HIGH,DERIVED
hist-s2-2026-02-04,2026-02-04,Sentinel-2,READY,85.0,100.0,0.084043,0.143327,0.0,3.133,20.679,HIGH,DERIVED
hist-s2-2026-02-14,2026-02-14,Sentinel-2,READY,85.0,100.0,0.202611,0.199213,0.0,4.313,19.438,HIGH,DERIVED
hist-s2-2026-02-19,2026-02-19,Sentinel-2,READY,85.0,100.0,0.199213,0.202611,0.0,4.375,19.125,HIGH,DERIVED
hist-s2-2026-02-24,2026-02-24,Sentinel-2,READY,85.0,100.0,0.256542,0.2278775,0.0,11.813,7.875,HIGH,DERIVED
hist-s1-2026-02-28,2026-02-28,Sentinel-1,READY,95.0,100.0,1.0,0.34617,0.0,24.0,,HIGH,DERIVED
hist-s2-2026-03-01,2026-03-01,Sentinel-2,READY,85.0,100.0,0.435798,0.435798,0.0,23.123,0.564,HIGH,DERIVED
hist-s1-2026-03-10,2026-03-10,Sentinel-1,READY,95.0,100.0,1.0,0.5139515,0.0,24.0,,HIGH,DERIVED
hist-s2-2026-03-11,2026-03-11,Sentinel-2,READY,85.0,100.0,0.592105,0.592105,0.0,24.0,0.0,HIGH,DERIVED
hist-s1-2026-03-12,2026-03-12,Sentinel-1,READY,95.0,100.0,1.0,0.592105,0.0,24.0,,HIGH,DERIVED
hist-s1-2026-03-24,2026-03-24,Sentinel-1,READY,95.0,100.0,1.0,0.603245,0.0,24.0,,HIGH,DERIVED
hist-s2-2026-03-26,2026-03-26,Sentinel-2,READY,85.0,100.0,0.603245,0.612735,0.0,24.0,0.0,HIGH,DERIVED
hist-s2-2026-03-31,2026-03-31,Sentinel-2,READY,85.0,100.0,0.622225,0.612735,0.0,24.0,0.0,HIGH,DERIVED
hist-s1-2026-04-05,2026-04-05,Sentinel-1,READY,95.0,100.0,1.0,0.595673,0.0,24.0,,HIGH,DERIVED
hist-s2-2026-04-05,2026-04-05,Sentinel-2,READY,85.0,100.0,0.569121,0.569121,0.0,24.0,0.0,HIGH,DERIVED
hist-s1-2026-04-09,2026-04-09,Sentinel-1,READY,95.0,100.0,1.0,0.535543,0.0,24.0,,HIGH,DERIVED
hist-s2-2026-04-12,2026-04-12,Sentinel-2,READY,85.0,100.0,0.501965,0.46503649999999996,0.0,24.0,0.0,HIGH,DERIVED
hist-s2-2026-04-15,2026-04-15,Sentinel-2,READY,85.0,100.0,0.428108,0.46503649999999996,0.0,23.625,0.062,HIGH,DERIVED
hist-s1-2026-04-17,2026-04-17,Sentinel-1,READY,95.0,100.0,1.0,0.419317,0.0,24.0,,HIGH,DERIVED
hist-s2-2026-04-20,2026-04-20,Sentinel-2,READY,85.0,100.0,0.410526,0.410526,0.0,21.0,2.938,HIGH,DERIVED
hist-s1-2026-04-29,2026-04-29,Sentinel-1,READY,95.0,100.0,1.0,0.27824150000000003,0.0,24.0,,HIGH,DERIVED
hist-s2-2026-05-02,2026-05-02,Sentinel-2,READY,85.0,100.0,0.145957,0.2231825,0.0,0.0,24.0,HIGH,DERIVED
hist-s2-2026-05-05,2026-05-05,Sentinel-2,READY,85.0,100.0,0.300408,0.2231825,0.0,14.287,8.773,HIGH,DERIVED
hist-s1-2026-05-15,2026-05-15,Sentinel-1,READY,95.0,100.0,1.0,0.199668,0.0,24.0,,HIGH,DERIVED
hist-s2-2026-05-15,2026-05-15,Sentinel-2,READY,85.0,100.0,0.098928,0.098928,0.0,0.062,23.875,HIGH,DERIVED
hist-s1-2026-05-22,2026-05-22,Sentinel-1,READY,95.0,100.0,1.0,0.098928,0.0,24.0,,HIGH,DERIVED
hist-s1-2026-05-23,2026-05-23,Sentinel-1,READY,95.0,100.0,1.0,0.037474,0.0,24.0,,HIGH,DERIVED
hist-s2-2026-05-25,2026-05-25,Sentinel-2,READY,85.0,100.0,0.037474,0.037474,0.0,0.0,24.0,HIGH,DERIVED
hist-s1-2026-05-27,2026-05-27,Sentinel-1,READY,95.0,100.0,1.0,0.037474,0.0,24.0,,HIGH,DERIVED
hist-s1-2026-06-03,2026-06-03,Sentinel-1,READY,95.0,100.0,1.0,,0.0,24.0,,HIGH,DERIVED
hist-s1-2026-06-04,2026-06-04,Sentinel-1,READY,95.0,100.0,1.0,0.130842,0.0,24.0,,HIGH,DERIVED
hist-s2-2026-06-09,2026-06-09,Sentinel-2,READY,85.0,100.0,0.130842,0.15863100000000002,0.0,0.0,23.938,HIGH,DERIVED
hist-s2-2026-06-11,2026-06-11,Sentinel-2,READY,85.0,100.0,0.18642,0.18642,0.0,0.25,18.5,HIGH,DERIVED
hist-s2-2026-06-14,2026-06-14,Sentinel-2,READY,85.0,100.0,0.238844,0.212632,0.0,11.563,7.875,HIGH,DERIVED
hist-s1-2026-06-20,2026-06-20,Sentinel-1,READY,95.0,100.0,1.0,0.3055095,0.0,24.0,,HIGH,DERIVED
hist-s2-2026-06-24,2026-06-24,Sentinel-2,READY,85.0,100.0,0.372175,0.372175,0.0,23.373,0.501,HIGH,DERIVED
hist-s1-2026-06-28,2026-06-28,Sentinel-1,READY,95.0,100.0,1.0,0.2946525,0.0,24.0,,HIGH,DERIVED
hist-s2-2026-07-01,2026-07-01,Sentinel-2,READY,85.0,100.0,0.21713,0.21713,0.0,12.47,7.708,HIGH,DERIVED
hist-s1-2026-07-09,2026-07-09,Sentinel-1,READY,95.0,100.0,1.0,0.31804699999999997,0.0,24.0,,HIGH,DERIVED
hist-s2-2026-07-09,2026-07-09,Sentinel-2,READY,85.0,100.0,0.418964,0.296882,0.0,24.0,0.0,HIGH,DERIVED
hist-s2-2026-07-14,2026-07-14,Sentinel-2,READY,85.0,100.0,0.1748,0.296882,0.0,4.261,17.42,HIGH,DERIVED
hist-s1-2026-07-17,2026-07-17,Sentinel-1,READY,95.0,100.0,1.0,0.34932850000000004,0.0,24.0,,HIGH,DERIVED
hist-s2-2026-07-19,2026-07-19,Sentinel-2,READY,85.0,100.0,0.523857,0.523857,0.0,24.0,0.0,HIGH,DERIVED
hist-s1-2026-07-21,2026-07-21,Sentinel-1,READY,95.0,100.0,1.0,0.341509,0.0,24.0,,HIGH,DERIVED
hist-s2-2026-07-24,2026-07-24,Sentinel-2,READY,85.0,100.0,0.159161,0.159161,0.0,0.627,21.932,HIGH,DERIVED
